{"root":[{"assemblyName":"RMC.BlockWorld.Runtime","nameSpace":"RMC.Core.DesignPatterns.Creational.SingletonMonobehaviour","className":"Singleton","methodName":"OnBeforeSceneLoad","loadTypes":1,"isUnityClass":false},{"assemblyName":"RMC.BlockWorld.Runtime","nameSpace":"RMC.BlockWorld.Standard","className":"CustomLocalizationUtility","methodName":"RuntimeInitializeOnLoadMethod","loadTypes":1,"isUnityClass":false},{"assemblyName":"RMC.Core.Borrowed.Runtime","nameSpace":"RMC.Core.Borrowed.DesignPatterns.Creational.Singletons","className":"SingletonMonoBehaviour","methodName":"OnBeforeSceneLoad","loadTypes":1,"isUnityClass":false},{"assemblyName":"RMC.Core.Runtime","nameSpace":"RMC.Core.DesignPatterns.Creational.Singletons","className":"SingletonMonoBehaviour","methodName":"OnBeforeSceneLoad","loadTypes":1,"isUnityClass":false},{"assemblyName":"UniTask","nameSpace":"Cysharp.Threading.Tasks","className":"PlayerLoopHelper","methodName":"Init","loadTypes":1,"isUnityClass":false},{"assemblyName":"Unity.AppUI","nameSpace":"Unity.AppUI.Core","className":"AppUI","methodName":"RunInitializeInPlayer","loadTypes":4,"isUnityClass":true},{"assemblyName":"Unity.AppUI","nameSpace":"Unity.AppUI.Core","className":"AppUIManagerBehaviour","methodName":"Create","loadTypes":0,"isUnityClass":true},{"assemblyName":"Unity.AppUI","nameSpace":"Unity.AppUI.Core","className":"Platform","methodName":"Initialize","loadTypes":4,"isUnityClass":true},{"assemblyName":"Unity.Behavior","nameSpace":"Unity.Properties.Generated","className":"PropertyBagRegistry","methodName":"Initialize","loadTypes":4,"isUnityClass":true},{"assemblyName":"Unity.Behavior","nameSpace":"Unity.Behavior","className":"PlayAudioAction","methodName":"ResetStaticInstance","loadTypes":0,"isUnityClass":true},{"assemblyName":"Unity.Behavior.Serialization","nameSpace":"Unity.Behavior.Serialization","className":"DefaultPropertyBagInitializer","methodName":"Initialize","loadTypes":0,"isUnityClass":true},{"assemblyName":"Unity.Behavior.Serialization","nameSpace":"Unity.Behavior.Serialization.Json","className":"JsonObject","methodName":"RegisterPropertyBag","loadTypes":4,"isUnityClass":true},{"assemblyName":"Unity.Behavior.Serialization","nameSpace":"Unity.Behavior.Serialization.Json","className":"JsonArray","methodName":"RegisterPropertyBag","loadTypes":4,"isUnityClass":true},{"assemblyName":"Unity.Behavior.Serialization","nameSpace":"","className":"__JobReflectionRegistrationOutput__279010397749028162","methodName":"EarlyInit","loadTypes":2,"isUnityClass":true},{"assemblyName":"Unity.Cinemachine","nameSpace":"","className":"DeltaTimeScaleProcessor","methodName":"Initialize","loadTypes":0,"isUnityClass":true},{"assemblyName":"Unity.Cinemachine","nameSpace":"Unity.Cinemachine","className":"CinemachineStoryboard","methodName":"InitializeModule","loadTypes":0,"isUnityClass":true},{"assemblyName":"Unity.Cinemachine","nameSpace":"Unity.Cinemachine","className":"CameraUpdateManager","methodName":"InitializeModule","loadTypes":0,"isUnityClass":true},{"assemblyName":"Unity.Cinemachine","nameSpace":"Unity.Cinemachine","className":"Damper/AverageFrameRateTracker","methodName":"Initialize","loadTypes":0,"isUnityClass":true},{"assemblyName":"Unity.Cinemachine","nameSpace":"Unity.Cinemachine","className":"UpdateTracker","methodName":"InitializeModule","loadTypes":0,"isUnityClass":true},{"assemblyName":"Unity.Cinemachine","nameSpace":"Unity.Cinemachine","className":"CinemachineImpulseManager","methodName":"InitializeModule","loadTypes":0,"isUnityClass":true},{"assemblyName":"Unity.Cinemachine","nameSpace":"Unity.Cinemachine","className":"CinemachineVolumeSettings","methodName":"InitializeModule","loadTypes":0,"isUnityClass":true},{"assemblyName":"Unity.Collections","nameSpace":"","className":"__JobReflectionRegistrationOutput__1652832624114795843","methodName":"EarlyInit","loadTypes":2,"isUnityClass":true},{"assemblyName":"Unity.Collections","nameSpace":"","className":"$BurstDirectCallInitializer","methodName":"Initialize","loadTypes":2,"isUnityClass":true},{"assemblyName":"Unity.InputSystem","nameSpace":"UnityEngine.InputSystem","className":"InputSystem","methodName":"RunInitializeInPlayer","loadTypes":4,"isUnityClass":true},{"assemblyName":"Unity.InputSystem","nameSpace":"UnityEngine.InputSystem","className":"InputSystem","methodName":"RunInitialUpdate","loadTypes":1,"isUnityClass":true},{"assemblyName":"Unity.InputSystem.ForUI","nameSpace":"UnityEngine.InputSystem.Plugins.InputForUI","className":"InputSystemProvider","methodName":"Bootstrap","loadTypes":4,"isUnityClass":true},{"assemblyName":"Unity.Rendering.LightTransport.Runtime","nameSpace":"","className":"__JobReflectionRegistrationOutput__16164947281921951637","methodName":"EarlyInit","loadTypes":2,"isUnityClass":true},{"assemblyName":"Unity.RenderPipelines.Core.Runtime","nameSpace":"UnityEngine.Experimental.Rendering","className":"XRSystem","methodName":"XRSystemInit","loadTypes":3,"isUnityClass":true},{"assemblyName":"Unity.RenderPipelines.Core.Runtime","nameSpace":"UnityEngine.Rendering","className":"DebugUpdater","methodName":"RuntimeInit","loadTypes":0,"isUnityClass":true},{"assemblyName":"Unity.RenderPipelines.GPUDriven.Runtime","nameSpace":"","className":"__JobReflectionRegistrationOutput__15867191014387474753","methodName":"EarlyInit","loadTypes":2,"isUnityClass":true},{"assemblyName":"Unity.RenderPipelines.Universal.2D.Runtime","nameSpace":"","className":"$BurstDirectCallInitializer","methodName":"Initialize","loadTypes":2,"isUnityClass":true},{"assemblyName":"Unity.ResourceManager","nameSpace":"UnityEngine.ResourceManagement.ResourceProviders","className":"AssetBundleProvider","methodName":"Init","loadTypes":4,"isUnityClass":true}]}
